<?xml version="1.0" encoding="UTF-8"?>
<component name="BaseScene" extends="Scene">
    <interface>
        <field id="inputArgs" type="assocarray" onChange="OnInputDeepLinking" />
        <field id="launchArgs" type="assocarray" onChange="OnInputDeepLinking"  />
    </interface>
    <script type="text/brightscript" uri="BaseScene.brs" />
    <script type="text/brightscript" uri="UILogic/ManageScreens.brs" />
    <script type="text/brightscript" uri="UILogic/ManageContent.brs" />
    <script type="text/brightscript" uri="UILogic/ManageDetailsScreen.brs"/>
    <script type="text/brightscript" uri="UILogic/ManageGrid.brs" />
    <script type="text/brightscript" uri="UILogic/ManageVideoPlayer.brs" />
   <script type="text/brightscript" uri="UILogic/ManageDeepLinking.brs" />
    <children>
        <Label id="screenLoader" text="Loading..." width="1280" height="720" translation="[0, 0]" horizAlign="center" vertAlign="center" visible="false" font="font:MediumBoldSystemFont"/>
    </children>
</component>

